Amy,Mckane,citadel@yahoo.com,m4P8TjAg
Denise,Mora,ghost@yahoo.ca,GU9n8fjA
Lauran,Ebron,daveed@sbcglobal.net,94GaYSVd
Bryce,Chagolla,dwheeler@mac.com,qaJwjs78
Emmett,Weishaupt,moonlapse@me.com,F8VuYXeD
Philomena,Liebold,tokuhirom@mac.com,YBMytZHB
Refugio,Knights,gomor@yahoo.ca,bQ4YwR5F
Margarite,Hastings,mjewell@outlook.com,WJZaSyAP
Opal,Lokey,pgottsch@verizon.net,MKYCXQfc
Rufina,Shugart,dsowsy@comcast.net,WhWUyerT
Hildegarde,Brooke,bwcarty@gmail.com,NpvEZLBd
Echo,Vides,ingolfke@aol.com,L5xeuDrL
Karmen,Skowronski,daveewart@hotmail.com,3nAqCEt7
Elaina,Baker,donev@outlook.com,h8qEFc7G
Gerda,Berger,bjoern@gmail.com,CGjS5Lju
Nelia,Kessinger,specprog@live.com,ZhnkFhSH
Renee,Kirschner,anicolao@live.com,qAgVbGja
Frankie,Lessig,kmiller@msn.com,BhqasejZ
Shantel,Gethers,frederic@verizon.net,NPmDgAUj
Christi,Quinto,joelw@hotmail.com,8729jdEF
Erica,Murray,matloff@outlook.com,GxTKhfn4
Maurice,Blankenship,staikos@gmail.com,bnSQBy2k
Kenneth,Arnold,rddesign@verizon.net,q8VAJpvs
Rosalind,Espinoza,pizza@att.net,7GMKQSFz
Rosa,Villa,panolex@live.com,wDDEy7Lg
Dillon,Hutchinson,bonmots@aol.com,J3gsgYXA
Maribel,Benjamin,dalamb@yahoo.com,UJkjcA6A
